Date,Time,Name,Status
02-03-2023,22:17:30,Unknown,Present
02-03-2023,22:17:30,Unknown,Present
02-03-2023,22:17:30,Unknown,Present
02-03-2023,22:17:30,Unknown,Present
02-03-2023,22:17:30,Unknown,Present
02-03-2023,22:17:30,Unknown,Present
02-03-2023,22:17:30,Unknown,Present
02-03-2023,22:17:30,Unknown,Present
02-03-2023,22:17:30,Unknown,Present
02-03-2023,22:17:30,Unknown,Present
02-03-2023,22:17:30,Unknown,Present
02-03-2023,22:17:30,Unknown,Present
02-03-2023,22:17:30,bella Hadid,Present
02-03-2023,22:17:30,Unknown,Present
02-03-2023,22:17:30,bella Hadid,Present
02-03-2023,22:17:30,bella Hadid,Present
02-03-2023,22:17:30,bella Hadid,Present
02-03-2023,22:17:30,Unknown,Present
02-03-2023,22:17:30,Unknown,Present
02-03-2023,22:17:30,Unknown,Present
02-03-2023,22:17:30,Unknown,Present
02-03-2023,22:17:30,Unknown,Present
02-03-2023,22:17:30,Unknown,Present
02-03-2023,22:17:30,Unknown,Present
02-03-2023,22:17:30,Unknown,Present
02-03-2023,22:17:30,Unknown,Present
02-03-2023,22:17:30,Jackie Chan,Present
02-03-2023,22:17:30,Jackie Chan,Present
02-03-2023,22:17:30,Jackie Chan,Present
02-03-2023,22:17:30,Jackie Chan,Present
02-03-2023,22:17:30,Jackie Chan,Present
02-03-2023,22:17:30,Unknown,Present
02-03-2023,22:17:30,Jackie Chan,Present
02-03-2023,22:17:30,bella Hadid,Present
02-03-2023,22:17:30,bella Hadid,Present
02-03-2023,22:17:30,will Smith,Present
02-03-2023,22:17:30,will Smith,Present
02-03-2023,22:17:30,will Smith,Present
02-03-2023,22:17:30,will Smith,Present
02-03-2023,22:17:30,Unknown,Present
02-03-2023,22:17:30,Unknown,Present
02-03-2023,22:17:30,Unknown,Present
02-03-2023,22:17:30,Unknown,Present
02-03-2023,22:17:30,Unknown,Present
